"GeoID","target_geo_id","geo_id2","City","County","pop_2000","Pop_2010"
"0400000US06","1600000US0600212",600212,"Acton CDP","Los Angeles County",2390,7596
"0400000US06","1600000US0600296",600296,"Adelanto city","San Bernardino County",18130,31765
"0400000US06","1600000US0600394",600394,"Agoura Hills city","Los Angeles County",20537,20330
"0400000US06","1600000US0600562",600562,"Alameda city","Alameda County",72259,73812
"0400000US06","1600000US0600618",600618,"Alamo CDP","Contra Costa County",15626,14570
"0400000US06","1600000US0600674",600674,"Albany city","Alameda County",16444,18539
"0400000US06","1600000US0600884",600884,"Alhambra city","Los Angeles County",85804,83089
"0400000US06","1600000US0600947",600947,"Aliso Viejo CDP","Orange County",40166,47823
"0400000US06","1600000US0601094",601094,"Almanor CDP","Plumas County",0,0
"0400000US06","1600000US0601150",601150,"Alondra Park CDP","Los Angeles County",8622,8592
"0400000US06","1600000US0601164",601164,"Alpaugh CDP","Tulare County",761,1026
"0400000US06","1600000US0601192",601192,"Alpine CDP","San Diego County",13143,14236
"0400000US06","1600000US0601228",601228,"Alpine Village CDP","Alpine County",136,114
"0400000US06","1600000US0601290",601290,"Altadena CDP","Los Angeles County",42610,42777
"0400000US06","1600000US0601360",601360,"Alta Sierra CDP","Nevada County",6522,6911
"0400000US06","1600000US0601444",601444,"Alturas city","Modoc County",2892,2827
"0400000US06","1600000US0601458",601458,"Alum Rock CDP","Santa Clara County",13479,15536
"0400000US06","1600000US0601514",601514,"Amador City city","Amador County",196,185
"0400000US06","1600000US0601640",601640,"American Canyon city","Napa County",9774,19454
"0400000US06","1600000US0601651",601651,"Amesti CDP","Santa Cruz County",2436,3478
"0400000US06","1600000US0602000",602000,"Anaheim city","Orange County",328014,336265
"0400000US06","1600000US0602042",602042,"Anderson city","Shasta County",9022,9932
"0400000US06","1600000US0602168",602168,"Angwin CDP","Napa County",3148,3051
"0400000US06","1600000US0602252",602252,"Antioch city","Contra Costa County",90532,102372
"0400000US06","1600000US0602364",602364,"Apple Valley town","San Bernardino County",54239,69135
"0400000US06","1600000US0602378",602378,"Aptos CDP","Santa Cruz County",9396,6220
"0400000US06","1600000US0602382",602382,"Aptos Hills-Larkin V","Santa Cruz County",2361,2381
"0400000US06","1600000US0602420",602420,"Arbuckle CDP","Colusa County",2332,3028
"0400000US06","1600000US0602462",602462,"Arcadia city","Los Angeles County",53054,56364
"0400000US06","1600000US0602476",602476,"Arcata city","Humboldt County",16651,17231
"0400000US06","1600000US0602553",602553,"Arden-Arcade CDP","Sacramento County",96025,92186
"0400000US06","1600000US0602700",602700,"Armona CDP","Kings County",3239,4156
"0400000US06","1600000US0602770",602770,"Arnold CDP","Calaveras County",4218,3843
"0400000US06","1600000US0602812",602812,"Aromas CDP","",2797,2650
"0400000US06","1550000US0602812",602812053,"Monterey County (par","Monterey County (part",1427,1358
"0400000US06","1550000US0602812",602812069,"San Benito County (p","Monterey County (part",1370,1358
"0400000US06","1550000US0602812",602812053,"Monterey County (par","San Benito County (pa",1427,1292
"0400000US06","1550000US0602812",602812069,"San Benito County (p","San Benito County (pa",1370,1292
"0400000US06","1600000US0602868",602868,"Arroyo Grande city","San Luis Obispo Count",15851,17252
"0400000US06","1600000US0602896",602896,"Artesia city","Los Angeles County",16380,16522
"0400000US06","1600000US0602924",602924,"Arvin city","Kern County",12956,19304
"0400000US06","1600000US0602980",602980,"Ashland CDP","Alameda County",20793,21925
"0400000US06","1600000US0603064",603064,"Atascadero city","San Luis Obispo Count",26411,28310
"0400000US06","1600000US0603092",603092,"Atherton town","San Mateo County",7194,6914
"0400000US06","1600000US0603162",603162,"Atwater city","Merced County",23113,28168
"0400000US06","1600000US0603190",603190,"Auberry CDP","Fresno County",2053,2369
"0400000US06","1600000US0603204",603204,"Auburn city","Placer County",12462,13330
"0400000US06","1600000US0603209",603209,"August CDP","San Joaquin County",7808,8390
"0400000US06","1600000US0603274",603274,"Avalon city","Los Angeles County",3127,3728
"0400000US06","1600000US0603302",603302,"Avenal city","Kings County",14674,15505
"0400000US06","1600000US0603316",603316,"Avery CDP","Calaveras County",672,646
"0400000US06","1600000US0603344",603344,"Avocado Heights CDP","Los Angeles County",15148,15411
"0400000US06","1600000US0603386",603386,"Azusa city","Los Angeles County",44712,46361
"0400000US06","1600000US0603526",603526,"Bakersfield city","Kern County",247057,347483
"0400000US06","1600000US0603666",603666,"Baldwin Park city","Los Angeles County",75837,75390
"0400000US06","1600000US0603820",603820,"Banning city","Riverside County",23562,29603
"0400000US06","1600000US0604030",604030,"Barstow city","San Bernardino County",21119,22639
"0400000US06","1600000US0604415",604415,"Bay Point CDP","Contra Costa County",21534,21349
"0400000US06","1600000US0604478",604478,"Bayview CDP","Humboldt County",2359,2510
"0400000US06","1600000US0604576",604576,"Beale AFB CDP","Yuba County",5115,1319
"0400000US06","1600000US0604716",604716,"Bear Valley CDP","Alpine County",133,121
"0400000US06","1600000US0604734",604734,"Bear Valley Springs","Kern County",4232,5172
"0400000US06","1600000US0604758",604758,"Beaumont city","Riverside County",11384,36877
"0400000US06","1600000US0604772",604772,"Beckwourth CDP","Plumas County",342,432
"0400000US06","1600000US0604856",604856,"Belden CDP","Plumas County",26,22
"0400000US06","1600000US0604870",604870,"Bell city","Los Angeles County",36664,35477
"0400000US06","1600000US0604982",604982,"Bellflower city","Los Angeles County",72878,76616
"0400000US06","1600000US0604996",604996,"Bell Gardens city","Los Angeles County",44054,42072
"0400000US06","1600000US0605108",605108,"Belmont city","San Mateo County",25123,25835
"0400000US06","1600000US0605164",605164,"Belvedere city","Marin County",2125,2068
"0400000US06","1600000US0605290",605290,"Benicia city","Solano County",26865,26997
"0400000US06","1600000US0605332",605332,"Ben Lomond CDP","Santa Cruz County",2364,6234
"0400000US06","1600000US0606000",606000,"Berkeley city","Alameda County",102743,112580
"0400000US06","1600000US0606028",606028,"Bermuda Dunes CDP","Riverside County",6229,7282
"0400000US06","1600000US0606150",606150,"Bertsch-Oceanview CD","Del Norte County",2238,2436
"0400000US06","1600000US0606210",606210,"Bethel Island CDP","Contra Costa County",2312,2137
"0400000US06","1600000US0606308",606308,"Beverly Hills city","Los Angeles County",33784,34109
"0400000US06","1600000US0606406",606406,"Big Bear City CDP","San Bernardino County",5779,12304
"0400000US06","1600000US0606434",606434,"Big Bear Lake city","San Bernardino County",5438,5019
"0400000US06","1600000US0606475",606475,"Big Bend CDP","Shasta County",149,102
"0400000US06","1600000US0606560",606560,"Biggs city","Butte County",1793,1707
"0400000US06","1600000US0606616",606616,"Big Pine CDP","Inyo County",1350,1756
"0400000US06","1600000US0606635",606635,"Big River CDP","San Bernardino County",1266,1327
"0400000US06","1600000US0606728",606728,"Biola CDP","Fresno County",1037,1623
"0400000US06","1600000US0606798",606798,"Bishop city","Inyo County",3575,3879
"0400000US06","1600000US0606982",606982,"Black Point-Green Po","Marin County",1143,1306
"0400000US06","1600000US0606994",606994,"Blairsden CDP","Plumas County",50,39
"0400000US06","1600000US0607064",607064,"Bloomington CDP","San Bernardino County",19318,23851
"0400000US06","1600000US0607162",607162,"Blue Lake city","Humboldt County",1135,1253
"0400000US06","1600000US0607172",607172,"Bluewater CDP","San Bernardino County",265,172
"0400000US06","1600000US0607218",607218,"Blythe city","Riverside County",12155,20817
"0400000US06","1600000US0607260",607260,"Bodega Bay CDP","Sonoma County",1423,1077
"0400000US06","1600000US0607274",607274,"Bodfish CDP","Kern County",1823,1956
"0400000US06","1600000US0607316",607316,"Bolinas CDP","Marin County",1246,1620
"0400000US06","1600000US0607372",607372,"Bombay Beach CDP","Imperial County",366,295
"0400000US06","1600000US0607379",607379,"Bonadelle Ranchos-Ma","Madera County",7300,8569
"0400000US06","1600000US0607414",607414,"Bonita CDP","San Diego County",12401,12538
"0400000US06","1600000US0607498",607498,"Bonsall CDP","San Diego County",3401,3982
"0400000US06","1600000US0607525",607525,"Bootjack CDP","Mariposa County",1588,960
"0400000US06","1600000US0607568",607568,"Boron CDP","Kern County",2025,2253
"0400000US06","1600000US0607578",607578,"Boronda CDP","Monterey County",1325,1710
"0400000US06","1600000US0607596",607596,"Borrego Springs CDP","San Diego County",2535,3429
"0400000US06","1600000US0607624",607624,"Bostonia CDP","San Diego County",15169,15379
"0400000US06","1600000US0607652",607652,"Boulder Creek CDP","Santa Cruz County",4081,4923
"0400000US06","1600000US0607750",607750,"Bowles CDP","Fresno County",182,166
"0400000US06","1600000US0607848",607848,"Boyes Hot Springs CD","Sonoma County",6665,6656
"0400000US06","1600000US0607946",607946,"Bradbury city","Los Angeles County",855,1048
"0400000US06","1600000US0607974",607974,"Bradley CDP","Monterey County",120,93
"0400000US06","1600000US0608058",608058,"Brawley city","Imperial County",22052,24953
"0400000US06","1600000US0608100",608100,"Brea city","Orange County",35410,39282
"0400000US06","1600000US0608142",608142,"Brentwood city","Contra Costa County",23302,51481
"0400000US06","1600000US0608172",608172,"Bret Harte CDP","Stanislaus County",5161,5152
"0400000US06","1600000US0608310",608310,"Brisbane city","San Mateo County",3597,4282
"0400000US06","1600000US0608338",608338,"Broadmoor CDP","San Mateo County",4026,4176
"0400000US06","1600000US0608744",608744,"Bucks Lake CDP","Plumas County",17,10
"0400000US06","1600000US0608758",608758,"Buellton city","Santa Barbara County",3828,4828
"0400000US06","1600000US0608786",608786,"Buena Park city","Orange County",78282,80530
"0400000US06","1600000US0608954",608954,"Burbank city","Los Angeles County",100316,103340
"0400000US06","1600000US0608968",608968,"Burbank CDP","Santa Clara County",5239,4926
"0400000US06","1600000US0609066",609066,"Burlingame city","San Mateo County",28158,28806
"0400000US06","1600000US0609122",609122,"Burney CDP","Shasta County",3217,3154
"0400000US06","1600000US0609332",609332,"Buttonwillow CDP","Kern County",1266,1508
"0400000US06","1600000US0609346",609346,"Byron CDP","Contra Costa County",916,1277
"0400000US06","1600000US0609353",609353,"Bystrom CDP","Stanislaus County",4518,4008
"0400000US06","1600000US0609360",609360,"Cabazon CDP","Riverside County",2229,2535
"0400000US06","1600000US0609598",609598,"Calabasas city","Los Angeles County",20033,23058
"0400000US06","1600000US0609710",609710,"Calexico city","Imperial County",27109,38572
"0400000US06","1600000US0609780",609780,"California City city","Kern County",8385,14120
"0400000US06","1600000US0609864",609864,"Calimesa city","Riverside County",7139,7879
"0400000US06","1600000US0609878",609878,"Calipatria city","Imperial County",7289,7705
"0400000US06","1600000US0609892",609892,"Calistoga city","Napa County",5190,5155
"0400000US06","1600000US0610046",610046,"Camarillo city","Ventura County",57077,65201
"0400000US06","1600000US0610074",610074,"Cambria CDP","San Luis Obispo Count",6232,6032
"0400000US06","1600000US0610088",610088,"Cambrian Park CDP","Santa Clara County",3258,3282
"0400000US06","1600000US0610256",610256,"Cameron Park CDP","El Dorado County",14549,18228
"0400000US06","1600000US0610345",610345,"Campbell city","Santa Clara County",38138,39349
"0400000US06","1600000US0610559",610559,"Camp Pendleton North","San Diego County",8197,5200
"0400000US06","1600000US0610561",610561,"Camp Pendleton South","San Diego County",8854,10616
"0400000US06","1600000US0610816",610816,"Cantua Creek CDP","Fresno County",655,466
"0400000US06","1600000US0610914",610914,"Canyondam CDP","Plumas County",37,31
"0400000US06","1600000US0610928",610928,"Canyon Lake city","Riverside County",9952,10561
"0400000US06","1600000US0611040",611040,"Capitola city","Santa Cruz County",10033,9918
"0400000US06","1600000US0611166",611166,"Caribou CDP","Plumas County",0,0
"0400000US06","1600000US0611194",611194,"Carlsbad city","San Diego County",78247,105328
"0400000US06","1600000US0611250",611250,"Carmel-by-the-Sea ci","Monterey County",4081,3722
"0400000US06","1600000US0611324",611324,"Carmel Valley Villag","Monterey County",4700,4407
"0400000US06","1600000US0611390",611390,"Carmichael CDP","Sacramento County",49742,61762
"0400000US06","1600000US0611446",611446,"Carpinteria city","Santa Barbara County",14194,13040
"0400000US06","1600000US0611481",611481,"Carrick CDP","Siskiyou County",156,131
"0400000US06","1600000US0611530",611530,"Carson city","Los Angeles County",89730,91714
"0400000US06","1600000US0611600",611600,"Cartago CDP","Inyo County",109,92
"0400000US06","1600000US0611614",611614,"Caruthers CDP","Fresno County",2103,2497
"0400000US06","1600000US0611656",611656,"Casa Conejo CDP","Ventura County",3180,3249
"0400000US06","1600000US0611691",611691,"Casa de Oro-Mount He","San Diego County",18874,18762
"0400000US06","1600000US0611964",611964,"Castro Valley CDP","Alameda County",57292,61388
"0400000US06","1600000US0611978",611978,"Castroville CDP","Monterey County",6724,6481
"0400000US06","1600000US0612048",612048,"Cathedral City city","Riverside County",42647,51200
"0400000US06","1600000US0612132",612132,"Cayucos CDP","San Luis Obispo Count",2943,2592
"0400000US06","1600000US0612524",612524,"Ceres city","Stanislaus County",34609,45417
"0400000US06","1600000US0612552",612552,"Cerritos city","Los Angeles County",51488,49041
"0400000US06","1600000US0612612",612612,"Challenge-Brownsvill","Yuba County",1069,1148
"0400000US06","1600000US0612669",612669,"Channel Islands Beac","Ventura County",3142,3103
"0400000US06","1600000US0612734",612734,"Charter Oak CDP","Los Angeles County",9027,9310
"0400000US06","1600000US0612902",612902,"Cherryland CDP","Alameda County",13837,14728
"0400000US06","1600000US0612916",612916,"Cherry Valley CDP","Riverside County",5891,6362
"0400000US06","1600000US0612930",612930,"Chester CDP","Plumas County",2316,2144
"0400000US06","1600000US0613014",613014,"Chico city","Butte County",59954,86187
"0400000US06","1600000US0613077",613077,"Chilcoot-Vinton CDP","Plumas County",387,454
"0400000US06","1600000US0613157",613157,"China Lake Acres CDP","Kern County",1761,1876
"0400000US06","1600000US0613182",613182,"Chinese Camp CDP","Tuolumne County",146,126
"0400000US06","1600000US0613210",613210,"Chino city","San Bernardino County",67168,77983
"0400000US06","1600000US0613214",613214,"Chino Hills city","San Bernardino County",66787,74799
"0400000US06","1600000US0613294",613294,"Chowchilla city","Madera County",11127,18720
"0400000US06","1600000US0613364",613364,"Chualar CDP","Monterey County",1444,1190
"0400000US06","1600000US0613392",613392,"Chula Vista city","San Diego County",173556,243916
"0400000US06","1600000US0613560",613560,"Citrus CDP","Los Angeles County",10581,10866
"0400000US06","1600000US0613588",613588,"Citrus Heights city","Sacramento County",85071,83301
"0400000US06","1600000US0613756",613756,"Claremont city","Los Angeles County",33998,34926
"0400000US06","1600000US0613882",613882,"Clayton city","Contra Costa County",10762,10897
"0400000US06","1600000US0613945",613945,"Clearlake city","Lake County",13142,15250
"0400000US06","1600000US0613966",613966,"Clearlake Oaks CDP","Lake County",2402,2359
"0400000US06","1600000US0614106",614106,"Clio CDP","Plumas County",90,66
"0400000US06","1600000US0614190",614190,"Cloverdale city","Sonoma County",6831,8618
"0400000US06","1600000US0614218",614218,"Clovis city","Fresno County",68468,95631
"0400000US06","1600000US0614232",614232,"Clyde CDP","Contra Costa County",694,678
"0400000US06","1600000US0614260",614260,"Coachella city","Riverside County",22724,40704
"0400000US06","1600000US0614274",614274,"Coalinga city","Fresno County",11668,13380
"0400000US06","1600000US0614302",614302,"Cobb CDP","Lake County",1638,1778
"0400000US06","1600000US0614498",614498,"Colfax city","Placer County",1496,1963
"0400000US06","1600000US0614736",614736,"Colma town","San Mateo County",1191,1792
"0400000US06","1600000US0614890",614890,"Colton city","San Bernardino County",47662,52154
"0400000US06","1600000US0614904",614904,"Columbia CDP","Tuolumne County",2405,2297
"0400000US06","1600000US0614946",614946,"Colusa city","Colusa County",5402,5971
"0400000US06","1600000US0614974",614974,"Commerce city","Los Angeles County",12568,12823
"0400000US06","1600000US0615044",615044,"Compton city","Los Angeles County",93493,96455
"0400000US06","1600000US0616000",616000,"Concord city","Contra Costa County",121780,122067
"0400000US06","1600000US0616035",616035,"Concow CDP","Butte County",1095,710
"0400000US06","1600000US0616210",616210,"Copperopolis CDP","Calaveras County",2363,3671
"0400000US06","1600000US0616224",616224,"Corcoran city","Kings County",14458,24813
"0400000US06","1600000US0616322",616322,"Corning city","Tehama County",6741,7663
"0400000US06","1600000US0616350",616350,"Corona city","Riverside County",124966,152374
"0400000US06","1600000US0616378",616378,"Coronado city","San Diego County",24100,18912
"0400000US06","1600000US0616434",616434,"Corralitos CDP","Santa Cruz County",2431,2326
"0400000US06","1600000US0616462",616462,"Corte Madera town","Marin County",9100,9253
"0400000US06","1600000US0616532",616532,"Costa Mesa city","Orange County",108724,109960
"0400000US06","1600000US0616560",616560,"Cotati city","Sonoma County",6471,7265
"0400000US06","1600000US0616580",616580,"Coto de Caza CDP","Orange County",13057,14866
"0400000US06","1600000US0616630",616630,"Cottonwood CDP","Shasta County",2960,3316
"0400000US06","1600000US0616651",616651,"Country Club CDP","San Joaquin County",9462,9379
"0400000US06","1600000US0616728",616728,"Covelo CDP","Mendocino County",1175,1255
"0400000US06","1600000US0616742",616742,"Covina city","Los Angeles County",46837,47796
"0400000US06","1600000US0617022",617022,"Crescent City city","Del Norte County",4006,7643
"0400000US06","1600000US0617050",617050,"Crescent Mills CDP","Plumas County",258,196
"0400000US06","1600000US0617106",617106,"Crest CDP","San Diego County",2716,2593
"0400000US06","1600000US0617162",617162,"Crestline CDP","San Bernardino County",10218,10770
"0400000US06","1600000US0617267",617267,"C-Road CDP","Plumas County",152,150
"0400000US06","1600000US0617274",617274,"Crockett CDP","Contra Costa County",3194,3094
"0400000US06","1600000US0617288",617288,"Cromberg CDP","Plumas County",290,261
"0400000US06","1600000US0617498",617498,"Cudahy city","Los Angeles County",24208,23805
"0400000US06","1600000US0617568",617568,"Culver City city","Los Angeles County",38816,38883
"0400000US06","1600000US0617610",617610,"Cupertino city","Santa Clara County",50546,58302
"0400000US06","1600000US0617708",617708,"Cutler CDP","Tulare County",4491,5000
"0400000US06","1600000US0617722",617722,"Cutten CDP","Humboldt County",2933,3108
"0400000US06","1600000US0617750",617750,"Cypress city","Orange County",46229,47802
"0400000US06","1600000US0617918",617918,"Daly City city","San Mateo County",103621,101123
"0400000US06","1600000US0617946",617946,"Dana Point city","Orange County",35110,33351
"0400000US06","1600000US0617988",617988,"Danville town","Contra Costa County",41715,42039
"0400000US06","1600000US0618030",618030,"Darwin CDP","Inyo County",54,43
"0400000US06","1600000US0618100",618100,"Davis city","Yolo County",60308,65622
"0400000US06","1600000US0618153",618153,"Day Valley CDP","Santa Cruz County",3587,3409
"0400000US06","1600000US0618324",618324,"Deer Park CDP","Napa County",1433,1267
"0400000US06","1600000US0618352",618352,"Del Aire CDP","Los Angeles County",9012,10001
"0400000US06","1600000US0618394",618394,"Delano city","Kern County",38824,53041
"0400000US06","1600000US0618464",618464,"Delhi CDP","Merced County",8022,10755
"0400000US06","1600000US0618485",618485,"Delleker CDP","Plumas County",674,705
"0400000US06","1600000US0618506",618506,"Del Mar city","San Diego County",4389,4161
"0400000US06","1600000US0618590",618590,"Del Monte Forest CDP","Monterey County",4531,4514
"0400000US06","1600000US0618674",618674,"Del Rey CDP","Fresno County",950,1639
"0400000US06","1600000US0618688",618688,"Del Rey Oaks city","Monterey County",1650,1624
"0400000US06","1600000US0618695",618695,"Del Rio CDP","Stanislaus County",1168,1270
"0400000US06","1600000US0618856",618856,"Denair CDP","Stanislaus County",3446,4404
"0400000US06","1600000US0618926",618926,"Derby Acres CDP","Kern County",376,322
"0400000US06","1600000US0618996",618996,"Desert Hot Springs c","Riverside County",16582,25938
"0400000US06","1600000US0619024",619024,"Desert Shores CDP","Imperial County",792,1104
"0400000US06","1600000US0619052",619052,"Desert View Highland","Los Angeles County",2337,2360
"0400000US06","1600000US0619150",619150,"Diablo CDP","Contra Costa County",988,1158
"0400000US06","1600000US0619192",619192,"Diamond Bar city","Los Angeles County",56287,55544
"0400000US06","1600000US0619220",619220,"Diamond Springs CDP","El Dorado County",4888,11037
"0400000US06","1600000US0619262",619262,"Dillon Beach CDP","Marin County",319,283
"0400000US06","1600000US0619318",619318,"Dinuba city","Tulare County",16844,21453
"0400000US06","1600000US0619339",619339,"Discovery Bay CDP","Contra Costa County",8981,13352
"0400000US06","1600000US0619402",619402,"Dixon city","Solano County",16103,18351
"0400000US06","1600000US0619406",619406,"Dixon Lane-Meadow Cr","Inyo County",2702,2645
"0400000US06","1600000US0619455",619455,"Dollar Point CDP","Placer County",1539,1215
"0400000US06","1600000US0619570",619570,"Dorrington CDP","Calaveras County",727,609
"0400000US06","1600000US0619584",619584,"Dorris city","Siskiyou County",886,939
"0400000US06","1600000US0619612",619612,"Dos Palos city","Merced County",4581,4950
"0400000US06","1600000US0619766",619766,"Downey city","Los Angeles County",107323,111772
"0400000US06","1600000US0619990",619990,"Duarte city","Los Angeles County",21486,21321
"0400000US06","1600000US0620018",620018,"Dublin city","Alameda County",29973,46036
"0400000US06","1600000US0620032",620032,"Ducor CDP","Tulare County",504,612
"0400000US06","1600000US0620242",620242,"Dunsmuir city","Siskiyou County",1923,1650
"0400000US06","1600000US0620270",620270,"Durham CDP","Butte County",5220,5518
"0400000US06","1600000US0620284",620284,"Dustin Acres CDP","Kern County",585,652
"0400000US06","1600000US0620438",620438,"Earlimart CDP","Tulare County",6583,8537
"0400000US06","1600000US0620598",620598,"East Foothills CDP","Santa Clara County",8133,8269
"0400000US06","1600000US0620697",620697,"East Hemet CDP","Riverside County",14823,17418
"0400000US06","1600000US0620746",620746,"East La Mirada CDP","Los Angeles County",9538,9757
"0400000US06","1600000US0620802",620802,"East Los Angeles CDP","Los Angeles County",124283,126496
"0400000US06","1600000US0620907",620907,"East Oakdale CDP","Stanislaus County",2742,2762
"0400000US06","1600000US0620928",620928,"Easton CDP","Fresno County",1966,2083
"0400000US06","1600000US0620942",620942,"East Orosi CDP","Tulare County",426,495
"0400000US06","1600000US0620956",620956,"East Palo Alto city","San Mateo County",29506,28155
"0400000US06","1600000US0620984",620984,"East Pasadena CDP","Los Angeles County",6045,6144
"0400000US06","1600000US0621012",621012,"East Porterville CDP","Tulare County",6730,6767
"0400000US06","1600000US0621026",621026,"East Quincy CDP","Plumas County",2398,2489
"0400000US06","1600000US0621061",621061,"East Richmond Height","Contra Costa County",3357,3280
"0400000US06","1600000US0621096",621096,"East San Gabriel CDP","Los Angeles County",14512,14874
"0400000US06","1600000US0621138",621138,"East Shore CDP","Plumas County",177,156
"0400000US06","1600000US0621188",621188,"East Sonora CDP","Tuolumne County",2078,2266
"0400000US06","1600000US0621530",621530,"Edgewood CDP","Siskiyou County",67,43
"0400000US06","1600000US0621600",621600,"Edwards AFB CDP","Kern County",5909,2063
"0400000US06","1600000US0621712",621712,"El Cajon city","San Diego County",94869,99478
"0400000US06","1600000US0621782",621782,"El Centro city","Imperial County",37835,42598
"0400000US06","1600000US0621796",621796,"El Cerrito city","Contra Costa County",23171,23549
"0400000US06","1600000US0621810",621810,"El Cerrito CDP","Riverside County",4590,5100
"0400000US06","1600000US0621880",621880,"El Dorado Hills CDP","El Dorado County",18016,42108
"0400000US06","1600000US0621894",621894,"Eldridge CDP","Sonoma County",1534,1233
"0400000US06","1600000US0621936",621936,"El Granada CDP","San Mateo County",5724,5467
"0400000US06","1600000US0622020",622020,"Elk Grove CDP","Sacramento County",59984,153015
"0400000US06","1600000US0622034",622034,"Elkhorn CDP","Monterey County",1591,1565
"0400000US06","1600000US0622146",622146,"Elmira CDP","Solano County",205,188
"0400000US06","1600000US0622230",622230,"El Monte city","Los Angeles County",115965,113475
"0400000US06","1600000US0622300",622300,"El Paso de Robles (P","San Luis Obispo Count",24297,29793
"0400000US06","1600000US0622370",622370,"El Rio CDP","Ventura County",6193,7198
"0400000US06","1600000US0622412",622412,"El Segundo city","Los Angeles County",16033,16654
"0400000US06","1600000US0622454",622454,"El Sobrante CDP","Contra Costa County",12260,12669
"0400000US06","1600000US0622510",622510,"El Verano CDP","Sonoma County",3954,4123
"0400000US06","1600000US0622587",622587,"Emerald Lake Hills C","San Mateo County",3899,4278
"0400000US06","1600000US0622594",622594,"Emeryville city","Alameda County",6882,10080
"0400000US06","1600000US0622622",622622,"Empire CDP","Stanislaus County",3903,4189
"0400000US06","1600000US0622678",622678,"Encinitas city","San Diego County",58014,59518
"0400000US06","1600000US0622790",622790,"Escalon city","San Joaquin County",5963,7132
"0400000US06","1600000US0622804",622804,"Escondido city","San Diego County",133559,143911
"0400000US06","1600000US0622846",622846,"Esparto CDP","Yolo County",1858,3108
"0400000US06","1600000US0622972",622972,"Etna city","Siskiyou County",781,737
"0400000US06","1600000US0623042",623042,"Eureka city","Humboldt County",26128,27191
"0400000US06","1600000US0623126",623126,"Exeter city","Tulare County",9168,10334
"0400000US06","1600000US0623150",623150,"Fairbanks Ranch CDP","San Diego County",2244,3148
"0400000US06","1600000US0623168",623168,"Fairfax town","Marin County",7319,7441
"0400000US06","1600000US0623182",623182,"Fairfield city","Solano County",96178,105321
"0400000US06","1600000US0623294",623294,"Fair Oaks CDP","Sacramento County",28008,30912
"0400000US06","1600000US0623350",623350,"Fairview CDP","Alameda County",9470,10003
"0400000US06","1600000US0623462",623462,"Fallbrook CDP","San Diego County",29100,30534
"0400000US06","1600000US0623532",623532,"Fall River Mills CDP","Shasta County",648,573
"0400000US06","1600000US0623616",623616,"Farmersville city","Tulare County",8737,10588
"0400000US06","1600000US0623630",623630,"Farmington CDP","San Joaquin County",262,207
"0400000US06","1600000US0623812",623812,"Fellows CDP","Kern County",153,106
"0400000US06","1600000US0623826",623826,"Felton CDP","Santa Cruz County",1051,4057
"0400000US06","1600000US0623910",623910,"Ferndale city","Humboldt County",1382,1371
"0400000US06","1600000US0623973",623973,"Fetters Hot Springs-","Sonoma County",2505,4144
"0400000US06","1600000US0624092",624092,"Fillmore city","Ventura County",13643,15002
"0400000US06","1600000US0624134",624134,"Firebaugh city","Fresno County",5743,7549
"0400000US06","1600000US0624477",624477,"Florence-Graham CDP","Los Angeles County",60197,63387
"0400000US06","1600000US0624498",624498,"Florin CDP","Sacramento County",27653,47513
"0400000US06","1600000US0624638",624638,"Folsom city","Sacramento County",51884,72203
"0400000US06","1600000US0624680",624680,"Fontana city","San Bernardino County",128929,196069
"0400000US06","1600000US0624722",624722,"Foothill Farms CDP","Sacramento County",17426,33121
"0400000US06","1600000US0624764",624764,"Ford City CDP","Kern County",3512,4278
"0400000US06","1600000US0624834",624834,"Foresthill CDP","Placer County",1791,1483
"0400000US06","1600000US0624897",624897,"Forest Meadows CDP","Calaveras County",1197,1249
"0400000US06","1600000US0624960",624960,"Forestville CDP","Sonoma County",2370,3293
"0400000US06","1600000US0625058",625058,"Fort Bragg city","Mendocino County",7026,7273
"0400000US06","1600000US0625128",625128,"Fort Jones city","Siskiyou County",660,839
"0400000US06","1600000US0625296",625296,"Fortuna city","Humboldt County",10497,11926
"0400000US06","1600000US0625338",625338,"Foster City city","San Mateo County",28803,30567
"0400000US06","1600000US0625380",625380,"Fountain Valley city","Orange County",54978,55313
"0400000US06","1600000US0625436",625436,"Fowler city","Fresno County",3979,5570
"0400000US06","1600000US0625534",625534,"Frazier Park CDP","Kern County",2348,2691
"0400000US06","1600000US0625576",625576,"Freedom CDP","Santa Cruz County",6000,3070
"0400000US06","1600000US0626000",626000,"Fremont city","Alameda County",203413,214089
"0400000US06","1600000US0626028",626028,"French Camp CDP","San Joaquin County",4109,3376
"0400000US06","1600000US0626056",626056,"French Gulch CDP","Shasta County",254,346
"0400000US06","1600000US0627000",627000,"Fresno city","Fresno County",427652,494665
"0400000US06","1600000US0627014",627014,"Friant CDP","Fresno County",519,509
"0400000US06","1600000US0627080",627080,"Fruitdale CDP","Santa Clara County",895,935
"0400000US06","1600000US0628000",628000,"Fullerton city","Orange County",126003,135161
"0400000US06","1600000US0628021",628021,"Furnace Creek CDP","Inyo County",31,24
"0400000US06","1600000US0628112",628112,"Galt city","Sacramento County",19472,23647
"0400000US06","1600000US0628168",628168,"Gardena city","Los Angeles County",57746,58829
"0400000US06","1600000US0628182",628182,"Garden Acres CDP","San Joaquin County",9747,10648
"0400000US06","1600000US0629000",629000,"Garden Grove city","Orange County",165196,170883
"0400000US06","1600000US0629252",629252,"Gazelle CDP","Siskiyou County",136,70
"0400000US06","1600000US0629350",629350,"Georgetown CDP","El Dorado County",962,2367
"0400000US06","1600000US0629504",629504,"Gilroy city","Santa Clara County",41464,48821
"0400000US06","1600000US0629644",629644,"Glen Avon CDP","Riverside County",14853,20199
"0400000US06","1600000US0630000",630000,"Glendale city","Los Angeles County",194973,191719
"0400000US06","1600000US0630014",630014,"Glendora city","Los Angeles County",49415,50073
"0400000US06","1600000US0630028",630028,"Glen Ellen CDP","Sonoma County",992,784
"0400000US06","1600000US0630282",630282,"Golden Hills CDP","Kern County",7434,8656
"0400000US06","1600000US0630345",630345,"Gold River CDP","Sacramento County",8023,7912
"0400000US06","1600000US0630378",630378,"Goleta CDP","Santa Barbara County",55204,29888
"0400000US06","1600000US0630392",630392,"Gonzales city","Monterey County",7525,8187
"0400000US06","1600000US0630476",630476,"Goshen CDP","Tulare County",2394,3006
"0400000US06","1600000US0630560",630560,"Graeagle CDP","Plumas County",831,737
"0400000US06","1600000US0630658",630658,"Grand Terrace city","San Bernardino County",11626,12040
"0400000US06","1600000US0630693",630693,"Granite Bay CDP","Placer County",19388,20402
"0400000US06","1600000US0630703",630703,"Granite Hills CDP","San Diego County",3246,3035
"0400000US06","1600000US0630798",630798,"Grass Valley city","Nevada County",10922,12860
"0400000US06","1600000US0630812",630812,"Graton CDP","Sonoma County",1815,1707
"0400000US06","1600000US0630882",630882,"Grayson CDP","Stanislaus County",1077,952
"0400000US06","1600000US0630994",630994,"Greenfield city","Monterey County",12583,16330
"0400000US06","1600000US0631029",631029,"Greenhorn CDP","Plumas County",146,236
"0400000US06","1600000US0631099",631099,"Green Valley CDP","Solano County",1859,1625
"0400000US06","1600000US0631134",631134,"Greenview CDP","Siskiyou County",200,201
"0400000US06","1600000US0631162",631162,"Greenville CDP","Plumas County",1160,1129
"0400000US06","1600000US0631246",631246,"Grenada CDP","Siskiyou County",351,367
"0400000US06","1600000US0631260",631260,"Gridley city","Butte County",5382,6584
"0400000US06","1600000US0631393",631393,"Grover Beach city","San Luis Obispo Count",13067,13156
"0400000US06","1600000US0631414",631414,"Guadalupe city","Santa Barbara County",5659,7080
"0400000US06","1600000US0631470",631470,"Guerneville CDP","Sonoma County",2441,4534
"0400000US06","1600000US0631568",631568,"Gustine city","Merced County",4698,5520
"0400000US06","1600000US0631596",631596,"Hacienda Heights CDP","Los Angeles County",53122,54038
"0400000US06","1600000US0631708",631708,"Half Moon Bay city","San Mateo County",11842,11324
"0400000US06","1600000US0631883",631883,"Hamilton Branch CDP","Plumas County",587,537
"0400000US06","1600000US0631890",631890,"Hamilton City CDP","Glenn County",1903,1759
"0400000US06","1600000US0631960",631960,"Hanford city","Kings County",41686,53967
"0400000US06","1600000US0632044",632044,"Harbison Canyon CDP","San Diego County",3645,3841
"0400000US06","1600000US0632506",632506,"Hawaiian Gardens cit","Los Angeles County",14779,14254
"0400000US06","1600000US0632548",632548,"Hawthorne city","Los Angeles County",84112,84293
"0400000US06","1600000US0632562",632562,"Hayfork CDP","Trinity County",2315,2368
"0400000US06","1600000US0633000",633000,"Hayward city","Alameda County",140030,144186
"0400000US06","1600000US0633056",633056,"Healdsburg city","Sonoma County",10722,11254
"0400000US06","1600000US0633084",633084,"Heber CDP","Imperial County",2988,4275
"0400000US06","1600000US0633182",633182,"Hemet city","Riverside County",58812,78657
"0400000US06","1600000US0633308",633308,"Hercules city","Contra Costa County",19488,24060
"0400000US06","1600000US0633364",633364,"Hermosa Beach city","Los Angeles County",18566,19506
"0400000US06","1600000US0633434",633434,"Hesperia city","San Bernardino County",62582,90173
"0400000US06","1600000US0633504",633504,"Hickman CDP","Stanislaus County",457,641
"0400000US06","1600000US0633518",633518,"Hidden Hills city","Los Angeles County",1875,1856
"0400000US06","1600000US0633532",633532,"Hidden Meadows CDP","San Diego County",3463,3485
"0400000US06","1600000US0633549",633549,"Hidden Valley Lake C","Lake County",3777,5579
"0400000US06","1600000US0633574",633574,"Highgrove CDP","Riverside County",3445,3988
"0400000US06","1600000US0633588",633588,"Highland city","San Bernardino County",44605,53104
"0400000US06","1600000US0633633",633633,"Highlands-Baywood Pa","San Mateo County",4210,4027
"0400000US06","1600000US0633798",633798,"Hillsborough town","San Mateo County",10825,10825
"0400000US06","1600000US0633861",633861,"Hilmar-Irwin CDP","Merced County",4807,5197
"0400000US06","1600000US0634120",634120,"Hollister city","San Benito County",34413,34928
"0400000US06","1600000US0634246",634246,"Holtville city","Imperial County",5612,5939
"0400000US06","1600000US0634281",634281,"Home Garden CDP","Kings County",1702,1761
"0400000US06","1600000US0634302",634302,"Home Gardens CDP","Riverside County",9461,11570
"0400000US06","1600000US0634316",634316,"Homeland CDP","Riverside County",3710,5969
"0400000US06","1600000US0634694",634694,"Hornbrook CDP","Siskiyou County",286,248
"0400000US06","1600000US0634904",634904,"Hughson city","Stanislaus County",3980,6640
"0400000US06","1600000US0634928",634928,"Humboldt Hill CDP","Humboldt County",3246,3414
"0400000US06","1600000US0636000",636000,"Huntington Beach cit","Orange County",189594,189992
"0400000US06","1600000US0636056",636056,"Huntington Park city","Los Angeles County",61348,58114
"0400000US06","1600000US0636084",636084,"Huron city","Fresno County",6306,6754
"0400000US06","1600000US0636126",636126,"Hydesville CDP","Humboldt County",1209,1237
"0400000US06","1600000US0636203",636203,"Idyllwild-Pine Cove","Riverside County",3504,3874
"0400000US06","1600000US0636280",636280,"Imperial city","Imperial County",7560,14758
"0400000US06","1600000US0636294",636294,"Imperial Beach city","San Diego County",26992,26324
"0400000US06","1600000US0636350",636350,"Independence CDP","Inyo County",574,669
"0400000US06","1600000US0636364",636364,"Indian Falls CDP","Plumas County",37,54
"0400000US06","1600000US0636434",636434,"Indian Wells city","Riverside County",3816,4958
"0400000US06","1600000US0636448",636448,"Indio city","Riverside County",49116,76036
"0400000US06","1600000US0636490",636490,"Industry city","Los Angeles County",777,219
"0400000US06","1600000US0636546",636546,"Inglewood city","Los Angeles County",112580,109673
"0400000US06","1600000US0636613",636613,"Interlaken CDP","Santa Cruz County",7328,7321
"0400000US06","1600000US0636616",636616,"Inverness CDP","Marin County",1421,1304
"0400000US06","1600000US0636658",636658,"Inyokern CDP","Kern County",984,1099
"0400000US06","1600000US0636672",636672,"Ione city","Amador County",7129,7918
"0400000US06","1600000US0636735",636735,"Iron Horse CDP","Plumas County",321,297
"0400000US06","1600000US0636770",636770,"Irvine city","Orange County",143072,212375
"0400000US06","1600000US0636826",636826,"Irwindale city","Los Angeles County",1446,1422
"0400000US06","1600000US0636868",636868,"Isla Vista CDP","Santa Barbara County",18344,23096
"0400000US06","1600000US0636882",636882,"Isleton city","Sacramento County",828,804
"0400000US06","1600000US0636910",636910,"Ivanhoe CDP","Tulare County",4474,4495
"0400000US06","1600000US0636980",636980,"Jackson city","Amador County",3989,4651
"0400000US06","1600000US0637106",637106,"Jamestown CDP","Tuolumne County",3017,3433
"0400000US06","1600000US0637120",637120,"Jamul CDP","San Diego County",5920,6163
"0400000US06","1600000US0637400",637400,"Johannesburg CDP","Kern County",176,172
"0400000US06","1600000US0637512",637512,"Johnsville CDP","Plumas County",21,20
"0400000US06","1600000US0637554",637554,"Joshua Tree CDP","San Bernardino County",4207,7414
"0400000US06","1600000US0637582",637582,"Julian CDP","San Diego County",1621,1502
"0400000US06","1600000US0637904",637904,"Keddie CDP","Plumas County",96,66
"0400000US06","1600000US0637918",637918,"Keeler CDP","Inyo County",66,66
"0400000US06","1600000US0637946",637946,"Keene CDP","Kern County",339,431
"0400000US06","1600000US0638044",638044,"Kelseyville CDP","Lake County",2928,3353
"0400000US06","1600000US0638065",638065,"Kennedy CDP","San Joaquin County",3275,3254
"0400000US06","1600000US0638086",638086,"Kensington CDP","Contra Costa County",4936,5077
"0400000US06","1600000US0638114",638114,"Kentfield CDP","Marin County",6351,6485
"0400000US06","1600000US0638226",638226,"Kerman city","Fresno County",8551,13544
"0400000US06","1600000US0638310",638310,"Kernville CDP","Kern County",1736,1395
"0400000US06","1600000US0638394",638394,"Kettleman City CDP","Kings County",1499,1439
"0400000US06","1600000US0638422",638422,"Keyes CDP","Stanislaus County",4575,5601
"0400000US06","1600000US0638520",638520,"King City city","Monterey County",11094,12874
"0400000US06","1600000US0638548",638548,"Kings Beach CDP","Placer County",4037,3796
"0400000US06","1600000US0638562",638562,"Kingsburg city","Fresno County",9199,11382
"0400000US06","1600000US0638646",638646,"Kirkwood CDP","",96,158
"0400000US06","1600000US0638702",638702,"Klamath CDP","Del Norte County",651,779
"0400000US06","1600000US0638772",638772,"Knightsen CDP","Contra Costa County",861,1568
"0400000US06","1600000US0639003",639003,"La Canada Flintridge","Los Angeles County",20318,20246
"0400000US06","1600000US0639045",639045,"La Crescenta-Montros","Los Angeles County",18532,19653
"0400000US06","1600000US0639108",639108,"Ladera Heights CDP","Los Angeles County",6568,6498
"0400000US06","1600000US0639122",639122,"Lafayette city","Contra Costa County",23908,23893
"0400000US06","1600000US0639178",639178,"Laguna Beach city","Orange County",23727,22723
"0400000US06","1600000US0639220",639220,"Laguna Hills city","Orange County",31178,30344
"0400000US06","1600000US0639248",639248,"Laguna Niguel city","Orange County",61891,62979
"0400000US06","1600000US0639259",639259,"Laguna Woods city","Orange County",16507,16192
"0400000US06","1600000US0639283",639283,"Lagunitas-Forest Kno","Marin County",1835,1819
"0400000US06","1600000US0639290",639290,"La Habra city","Orange County",58974,60239
"0400000US06","1600000US0639304",639304,"La Habra Heights cit","Los Angeles County",5712,5325
"0400000US06","1600000US0639411",639411,"Lake Almanor Country","Plumas County",847,419
"0400000US06","1600000US0639420",639420,"Lake Almanor Peninsu","Plumas County",336,356
"0400000US06","1600000US0639425",639425,"Lake Almanor West CD","Plumas County",329,270
"0400000US06","1600000US0639444",639444,"Lake Arrowhead CDP","San Bernardino County",8934,12424
"0400000US06","1600000US0639483",639483,"Lake Davis CDP","Plumas County",23,45
"0400000US06","1600000US0639486",639486,"Lake Elsinore city","Riverside County",28928,51821
"0400000US06","1600000US0639496",639496,"Lake Forest city","Orange County",58707,77264
"0400000US06","1600000US0639570",639570,"Lake Isabella CDP","Kern County",3315,3466
"0400000US06","1600000US0639598",639598,"Lakeland Village CDP","Riverside County",5626,11541
"0400000US06","1600000US0639612",639612,"Lake Los Angeles CDP","Los Angeles County",11523,12328
"0400000US06","1600000US0639670",639670,"Lake Nacimiento CDP","San Luis Obispo Count",2176,2411
"0400000US06","1600000US0639690",639690,"Lake of the Pines CD","Nevada County",3956,3917
"0400000US06","1600000US0639696",639696,"Lake of the Woods CD","Kern County",833,917
"0400000US06","1600000US0639710",639710,"Lakeport city","Lake County",4820,4753
"0400000US06","1600000US0639724",639724,"Lake San Marcos CDP","San Diego County",4138,4437
"0400000US06","1600000US0639766",639766,"Lakeside CDP","San Diego County",19560,20648
"0400000US06","1600000US0639836",639836,"Lakeview CDP","Riverside County",1619,2104
"0400000US06","1600000US0639885",639885,"Lake Wildwood CDP","Nevada County",4868,4991
"0400000US06","1600000US0639892",639892,"Lakewood city","Los Angeles County",79345,80048
"0400000US06","1600000US0640004",640004,"La Mesa city","San Diego County",54749,57065
"0400000US06","1600000US0640032",640032,"La Mirada city","Los Angeles County",46783,48527
"0400000US06","1600000US0640088",640088,"Lamont CDP","Kern County",13296,15120
"0400000US06","1600000US0640116",640116,"Lanare CDP","Fresno County",540,589
"0400000US06","1600000US0640130",640130,"Lancaster city","Los Angeles County",118718,156633
"0400000US06","1600000US0640256",640256,"La Palma city","Orange County",15408,15568
"0400000US06","1600000US0640312",640312,"La Porte CDP","Plumas County",43,26
"0400000US06","1600000US0640326",640326,"La Presa CDP","San Diego County",32721,34169
"0400000US06","1600000US0640340",640340,"La Puente city","Los Angeles County",41063,39816
"0400000US06","1600000US0640354",640354,"La Quinta city","Riverside County",23694,37467
"0400000US06","1600000US0640410",640410,"La Riviera CDP","Sacramento County",10273,10802
"0400000US06","1600000US0640426",640426,"Larkfield-Wikiup CDP","Sonoma County",7479,8884
"0400000US06","1600000US0640438",640438,"Larkspur city","Marin County",12014,11926
"0400000US06","1600000US0640526",640526,"Las Flores CDP","Orange County",5625,5971
"0400000US06","1600000US0640592",640592,"Las Lomas CDP","Monterey County",3078,3024
"0400000US06","1600000US0640704",640704,"Lathrop city","San Joaquin County",10445,18023
"0400000US06","1600000US0640746",640746,"Laton CDP","Fresno County",1236,1824
"0400000US06","1600000US0640830",640830,"La Verne city","Los Angeles County",31638,31063
"0400000US06","1600000US0640886",640886,"Lawndale city","Los Angeles County",31711,32769
"0400000US06","1600000US0640928",640928,"Laytonville CDP","Mendocino County",1301,1227
"0400000US06","1600000US0640956",640956,"Lebec CDP","Kern County",1285,1468
"0400000US06","1600000US0641040",641040,"Le Grand CDP","Merced County",1760,1659
"0400000US06","1600000US0641110",641110,"Lemon Cove CDP","Tulare County",298,308
"0400000US06","1600000US0641124",641124,"Lemon Grove city","San Diego County",24918,25320
"0400000US06","1600000US0641152",641152,"Lemoore city","Kings County",19712,24531
"0400000US06","1600000US0641166",641166,"Lemoore Station CDP","Kings County",5749,7438
"0400000US06","1600000US0641180",641180,"Lennox CDP","Los Angeles County",22950,22753
"0400000US06","1600000US0641194",641194,"Lenwood CDP","San Bernardino County",3222,3543
"0400000US06","1600000US0641278",641278,"Lewiston CDP","Trinity County",1305,1193
"0400000US06","1600000US0641282",641282,"Lexington Hills CDP","Santa Clara County",2454,2421
"0400000US06","1600000US0641474",641474,"Lincoln city","Placer County",11205,42819
"0400000US06","1600000US0641558",641558,"Lincoln Village CDP","San Joaquin County",4216,4381
"0400000US06","1600000US0641572",641572,"Linda CDP","Yuba County",13474,17773
"0400000US06","1600000US0641670",641670,"Linden CDP","San Joaquin County",1103,1784
"0400000US06","1600000US0641712",641712,"Lindsay city","Tulare County",10297,11768
"0400000US06","1600000US0641789",641789,"Little Grass Valley","Plumas County",0,2
"0400000US06","1600000US0641880",641880,"Littlerock CDP","Los Angeles County",1402,1377
"0400000US06","1600000US0641922",641922,"Live Oak CDP","Santa Cruz County",16628,17158
"0400000US06","1600000US0641936",641936,"Live Oak city","Sutter County",6229,8392
"0400000US06","1600000US0641992",641992,"Livermore city","Alameda County",73345,80968
"0400000US06","1600000US0642006",642006,"Livingston city","Merced County",10473,13058
"0400000US06","1600000US0642104",642104,"Lockeford CDP","San Joaquin County",3179,3233
"0400000US06","1600000US0642202",642202,"Lodi city","San Joaquin County",56999,62134
"0400000US06","1600000US0642370",642370,"Loma Linda city","San Bernardino County",18681,23261
"0400000US06","1600000US0642412",642412,"Loma Rica CDP","Yuba County",2075,2368
"0400000US06","1600000US0642468",642468,"Lomita city","Los Angeles County",20046,20256
"0400000US06","1600000US0642524",642524,"Lompoc city","Santa Barbara County",41103,42434
"0400000US06","1600000US0642566",642566,"London CDP","Tulare County",1848,1869
"0400000US06","1600000US0642580",642580,"Lone Pine CDP","Inyo County",1655,2035
"0400000US06","1600000US0643000",643000,"Long Beach city","Los Angeles County",461522,462257
"0400000US06","1600000US0643140",643140,"Loomis town","Placer County",6260,6430
"0400000US06","1600000US0643224",643224,"Los Alamitos city","Orange County",11536,11449
"0400000US06","1600000US0643252",643252,"Los Alamos CDP","Santa Barbara County",1372,1890
"0400000US06","1600000US0643280",643280,"Los Altos city","Santa Clara County",27693,28976
"0400000US06","1600000US0643294",643294,"Los Altos Hills town","Santa Clara County",7902,7922
"0400000US06","1600000US0644000",644000,"Los Angeles city","Los Angeles County",3694820,3792621
"0400000US06","1600000US0644028",644028,"Los Banos city","Merced County",25869,35972
"0400000US06","1600000US0644112",644112,"Los Gatos town","Santa Clara County",28592,29413
"0400000US06","1600000US0644140",644140,"Los Molinos CDP","Tehama County",1952,2037
"0400000US06","1600000US0644280",644280,"Lost Hills CDP","Kern County",1938,2412
"0400000US06","1600000US0644350",644350,"Lower Lake CDP","Lake County",1755,1294
"0400000US06","1600000US0644364",644364,"Loyalton city","Sierra County",862,769
"0400000US06","1600000US0644378",644378,"Loyola CDP","Santa Clara County",3478,3261
"0400000US06","1600000US0644399",644399,"Lucas Valley-Marinwo","Marin County",6357,6094
"0400000US06","1600000US0644406",644406,"Lucerne CDP","Lake County",2870,3067
"0400000US06","1600000US0644574",644574,"Lynwood city","Los Angeles County",69845,69772
"0400000US06","1600000US0644700",644700,"McArthur CDP","Shasta County",365,338
"0400000US06","1600000US0644784",644784,"McCloud CDP","Siskiyou County",1343,1101
"0400000US06","1600000US0644812",644812,"Macdoel CDP","Siskiyou County",140,133
"0400000US06","1600000US0644826",644826,"McFarland city","Kern County",9618,12707
"0400000US06","1600000US0644910",644910,"McKinleyville CDP","Humboldt County",13599,15177
"0400000US06","1600000US0644924",644924,"McKittrick CDP","Kern County",160,115
"0400000US06","1600000US0645022",645022,"Madera city","Madera County",43207,61416
"0400000US06","1600000US0645050",645050,"Madera Acres CDP","Madera County",7741,9163
"0400000US06","1600000US0645120",645120,"Magalia CDP","Butte County",10569,11310
"0400000US06","1600000US0645246",645246,"Malibu city","Los Angeles County",12575,12645
"0400000US06","1600000US0645358",645358,"Mammoth Lakes town","Mono County",7093,8234
"0400000US06","1600000US0645400",645400,"Manhattan Beach city","Los Angeles County",33852,35135
"0400000US06","1600000US0645484",645484,"Manteca city","San Joaquin County",49258,67096
"0400000US06","1600000US0645512",645512,"Manton CDP","Tehama County",372,347
"0400000US06","1600000US0645680",645680,"March AFB CDP","Riverside County",370,1159
"0400000US06","1600000US0645736",645736,"Maricopa city","Kern County",1111,1154
"0400000US06","1600000US0645778",645778,"Marina city","Monterey County",25101,19718
"0400000US06","1600000US0645806",645806,"Marina del Rey CDP","Los Angeles County",8176,8866
"0400000US06","1600000US0645932",645932,"Mariposa CDP","Mariposa County",1373,2173
"0400000US06","1600000US0645988",645988,"Markleeville CDP","Alpine County",197,210
"0400000US06","1600000US0646114",646114,"Martinez city","Contra Costa County",35866,35824
"0400000US06","1600000US0646170",646170,"Marysville city","Yuba County",12268,12072
"0400000US06","1600000US0646436",646436,"Mayflower Village CD","Los Angeles County",5081,5515
"0400000US06","1600000US0646492",646492,"Maywood city","Los Angeles County",28083,27395
"0400000US06","1600000US0646618",646618,"Meadow Valley CDP","Plumas County",575,464
"0400000US06","1600000US0646632",646632,"Meadow Vista CDP","Placer County",3096,3217
"0400000US06","1600000US0646660",646660,"Mecca CDP","Riverside County",5402,8577
"0400000US06","1600000US0646702",646702,"Meiners Oaks CDP","Ventura County",3750,3571
"0400000US06","1600000US0646814",646814,"Mendocino CDP","Mendocino County",824,894
"0400000US06","1600000US0646828",646828,"Mendota city","Fresno County",7890,11014
"0400000US06","1600000US0646870",646870,"Menlo Park city","San Mateo County",30785,32026
"0400000US06","1600000US0646884",646884,"Mentone CDP","San Bernardino County",7803,8720
"0400000US06","1600000US0646898",646898,"Merced city","Merced County",63893,78958
"0400000US06","1600000US0647013",647013,"Mesa CDP","Inyo County",214,251
"0400000US06","1600000US0647086",647086,"Mesa Vista CDP","Alpine County",182,200
"0400000US06","1600000US0647164",647164,"Mettler CDP","Kern County",157,136
"0400000US06","1600000US0647332",647332,"Middletown CDP","Lake County",1020,1323
"0400000US06","1600000US0647486",647486,"Millbrae city","San Mateo County",20718,21532
"0400000US06","1600000US0647710",647710,"Mill Valley city","Marin County",13600,13903
"0400000US06","1600000US0647724",647724,"Millville CDP","Shasta County",610,727
"0400000US06","1600000US0647766",647766,"Milpitas city","Santa Clara County",62698,66790
"0400000US06","1600000US0647794",647794,"Mineral CDP","Tehama County",143,123
"0400000US06","1600000US0647976",647976,"Mira Loma CDP","Riverside County",17617,21930
"0400000US06","1600000US0648046",648046,"Mira Monte CDP","Ventura County",7177,6854
"0400000US06","1600000US0648147",648147,"Mission Canyon CDP","Santa Barbara County",2610,2381
"0400000US06","1600000US0648186",648186,"Mission Hills CDP","Santa Barbara County",3142,3576
"0400000US06","1600000US0648256",648256,"Mission Viejo city","Orange County",93102,93305
"0400000US06","1600000US0648298",648298,"Mi-Wuk Village CDP","Tuolumne County",1485,941
"0400000US06","1600000US0648354",648354,"Modesto city","Stanislaus County",188856,201165
"0400000US06","1600000US0648448",648448,"Mohawk Vista CDP","Plumas County",121,159
"0400000US06","1600000US0648452",648452,"Mojave CDP","Kern County",3836,4238
"0400000US06","1600000US0648480",648480,"Mokelumne Hill CDP","Calaveras County",774,646
"0400000US06","1600000US0648641",648641,"Mono Vista CDP","Tuolumne County",3072,3127
"0400000US06","1600000US0648648",648648,"Monrovia city","Los Angeles County",36929,36590
"0400000US06","1600000US0648690",648690,"Montague city","Siskiyou County",1456,1443
"0400000US06","1600000US0648760",648760,"Montara CDP","San Mateo County",2950,2909
"0400000US06","1600000US0648788",648788,"Montclair city","San Bernardino County",33049,36664
"0400000US06","1600000US0648816",648816,"Montebello city","Los Angeles County",62150,62500
"0400000US06","1600000US0648844",648844,"Montecito CDP","Santa Barbara County",10000,8965
"0400000US06","1600000US0648872",648872,"Monterey city","Monterey County",29674,27810
"0400000US06","1600000US0648914",648914,"Monterey Park city","Los Angeles County",60051,60269
"0400000US06","1600000US0648928",648928,"Monte Rio CDP","Sonoma County",1104,1152
"0400000US06","1600000US0648956",648956,"Monte Sereno city","Santa Clara County",3483,3341
"0400000US06","1600000US0648998",648998,"Montgomery Creek CDP","Shasta County",96,163
"0400000US06","1600000US0649138",649138,"Moorpark city","Ventura County",31415,34421
"0400000US06","1600000US0649180",649180,"Morada CDP","San Joaquin County",3726,3828
"0400000US06","1600000US0649270",649270,"Moreno Valley city","Riverside County",142381,193365
"0400000US06","1600000US0649278",649278,"Morgan Hill city","Santa Clara County",33556,37882
"0400000US06","1600000US0649348",649348,"Morongo Valley CDP","San Bernardino County",1929,3552
"0400000US06","1600000US0649362",649362,"Morro Bay city","San Luis Obispo Count",10350,10234
"0400000US06","1600000US0649446",649446,"Moss Beach CDP","San Mateo County",1953,3103
"0400000US06","1600000US0649488",649488,"Moss Landing CDP","Monterey County",300,204
"0400000US06","1600000US0649600",649600,"Mountain Mesa CDP","Kern County",716,777
"0400000US06","1600000US0649628",649628,"Mountain Ranch CDP","Calaveras County",1557,1628
"0400000US06","1600000US0649651",649651,"Mountain View CDP","Contra Costa County",2468,2372
"0400000US06","1600000US0649670",649670,"Mountain View city","Santa Clara County",70708,74066
"0400000US06","1600000US0649684",649684,"Mountain View Acres","San Bernardino County",2521,3130
"0400000US06","1600000US0649768",649768,"Mount Hebron CDP","Siskiyou County",92,95
"0400000US06","1600000US0649852",649852,"Mount Shasta city","Siskiyou County",3621,3394
"0400000US06","1600000US0649950",649950,"Muir Beach CDP","Marin County",295,310
"0400000US06","1600000US0650034",650034,"Murphys CDP","Calaveras County",2061,2213
"0400000US06","1600000US0650076",650076,"Murrieta city","Riverside County",44282,103466
"0400000US06","1600000US0650132",650132,"Muscoy CDP","San Bernardino County",8919,10644
"0400000US06","1600000US0650188",650188,"Myrtletown CDP","Humboldt County",4459,4675
"0400000US06","1600000US0650258",650258,"Napa city","Napa County",72585,76915
"0400000US06","1600000US0650398",650398,"National City city","San Diego County",54260,58582
"0400000US06","1600000US0650734",650734,"Needles city","San Bernardino County",4830,4844
"0400000US06","1600000US0650874",650874,"Nevada City city","Nevada County",3001,3068
"0400000US06","1600000US0650916",650916,"Newark city","Alameda County",42471,42573
"0400000US06","1600000US0651140",651140,"Newman city","Stanislaus County",7093,10224
"0400000US06","1600000US0651182",651182,"Newport Beach city","Orange County",70032,85186
"0400000US06","1600000US0651294",651294,"Nice CDP","Lake County",2509,2731
"0400000US06","1600000US0651392",651392,"Niland CDP","Imperial County",1143,1006
"0400000US06","1600000US0651476",651476,"Nipomo CDP","San Luis Obispo Count",12626,16714
"0400000US06","1600000US0651560",651560,"Norco city","Riverside County",24157,27063
"0400000US06","1600000US0651637",651637,"North Auburn CDP","Placer County",11847,13022
"0400000US06","1600000US0651812",651812,"North Edwards CDP","Kern County",1227,1058
"0400000US06","1600000US0651820",651820,"North El Monte CDP","Los Angeles County",3703,3723
"0400000US06","1600000US0651840",651840,"North Fair Oaks CDP","San Mateo County",15440,14687
"0400000US06","1600000US0651924",651924,"North Highlands CDP","Sacramento County",44187,42694
"0400000US06","1600000US0651990",651990,"North Lakeport CDP","Lake County",2879,3314
"0400000US06","1600000US0652526",652526,"Norwalk city","Los Angeles County",103298,105549
"0400000US06","1600000US0652582",652582,"Novato city","Marin County",47630,51904
"0400000US06","1600000US0652624",652624,"Nuevo CDP","Riverside County",4135,6447
"0400000US06","1600000US0652694",652694,"Oakdale city","Stanislaus County",15503,20675
"0400000US06","1600000US0652764",652764,"Oakhurst CDP","Madera County",2868,2829
"0400000US06","1600000US0653000",653000,"Oakland city","Alameda County",399484,390724
"0400000US06","1600000US0653070",653070,"Oakley city","Contra Costa County",25619,35432
"0400000US06","1600000US0653116",653116,"Oak Park CDP","Ventura County",2320,13811
"0400000US06","1600000US0653182",653182,"Oak View CDP","Ventura County",4199,4066
"0400000US06","1600000US0653266",653266,"Occidental CDP","Sonoma County",1272,1115
"0400000US06","1600000US0653294",653294,"Oceano CDP","San Luis Obispo Count",7260,7286
"0400000US06","1600000US0653322",653322,"Oceanside city","San Diego County",161029,167086
"0400000US06","1600000US0653378",653378,"Ocotillo CDP","Imperial County",296,266
"0400000US06","1600000US0653448",653448,"Oildale CDP","Kern County",27885,32684
"0400000US06","1600000US0653476",653476,"Ojai city","Ventura County",7862,7461
"0400000US06","1600000US0653490",653490,"Olancha CDP","Inyo County",134,192
"0400000US06","1600000US0653714",653714,"Olivehurst CDP","Yuba County",11061,13656
"0400000US06","1600000US0653896",653896,"Ontario city","San Bernardino County",158007,163924
"0400000US06","1600000US0653910",653910,"Onyx CDP","Kern County",476,475
"0400000US06","1600000US0653924",653924,"Opal Cliffs CDP","Santa Cruz County",6458,5846
"0400000US06","1600000US0653980",653980,"Orange city","Orange County",128821,136416
"0400000US06","1600000US0654008",654008,"Orange Cove city","Fresno County",7722,9078
"0400000US06","1600000US0654092",654092,"Orangevale CDP","Sacramento County",26705,33960
"0400000US06","1600000US0654120",654120,"Orcutt CDP","Santa Barbara County",28830,28905
"0400000US06","1600000US0654232",654232,"Orinda city","Contra Costa County",17599,17643
"0400000US06","1600000US0654274",654274,"Orland city","Glenn County",6281,7291
"0400000US06","1600000US0654386",654386,"Oroville city","Butte County",13004,15546
"0400000US06","1600000US0654388",654388,"Oroville East CDP","Butte County",8680,8280
"0400000US06","1600000US0654652",654652,"Oxnard city","Ventura County",170358,197899
"0400000US06","1600000US0654764",654764,"Pacheco CDP","Contra Costa County",3562,3685
"0400000US06","1600000US0654806",654806,"Pacifica city","San Mateo County",38390,37234
"0400000US06","1600000US0654848",654848,"Pacific Grove city","Monterey County",15522,15041
"0400000US06","1600000US0655044",655044,"Pajaro CDP","Monterey County",3384,3070
"0400000US06","1600000US0655086",655086,"Palermo CDP","Butte County",5720,5382
"0400000US06","1600000US0655156",655156,"Palmdale city","Los Angeles County",116670,152750
"0400000US06","1600000US0655184",655184,"Palm Desert city","Riverside County",41155,48445
"0400000US06","1600000US0655254",655254,"Palm Springs city","Riverside County",42807,44552
"0400000US06","1600000US0655282",655282,"Palo Alto city","Santa Clara County",58598,64403
"0400000US06","1600000US0655296",655296,"Palo Cedro CDP","Shasta County",1247,1269
"0400000US06","1600000US0655380",655380,"Palos Verdes Estates","Los Angeles County",13340,13438
"0400000US06","1600000US0655422",655422,"Palo Verde CDP","Imperial County",236,171
"0400000US06","1600000US0655520",655520,"Paradise town","Butte County",26408,26218
"0400000US06","1600000US0655618",655618,"Paramount city","Los Angeles County",55266,54098
"0400000US06","1600000US0655751",655751,"Parksdale CDP","Madera County",2688,2621
"0400000US06","1600000US0655842",655842,"Parkwood CDP","Madera County",2119,2268
"0400000US06","1600000US0655856",655856,"Parlier city","Fresno County",11145,14494
"0400000US06","1600000US0656000",656000,"Pasadena city","Los Angeles County",133936,137122
"0400000US06","1600000US0656112",656112,"Patterson city","Stanislaus County",11606,20413
"0400000US06","1600000US0656182",656182,"Paxton CDP","Plumas County",21,14
"0400000US06","1600000US0656294",656294,"Pearsonville CDP","Inyo County",27,17
"0400000US06","1600000US0656350",656350,"Pedley CDP","Riverside County",11207,12672
"0400000US06","1600000US0656518",656518,"Penn Valley CDP","Nevada County",1387,1621
"0400000US06","1600000US0656700",656700,"Perris city","Riverside County",36189,68386
"0400000US06","1600000US0656784",656784,"Petaluma city","Sonoma County",54548,57941
"0400000US06","1600000US0656924",656924,"Pico Rivera city","Los Angeles County",63428,62942
"0400000US06","1600000US0656938",656938,"Piedmont city","Alameda County",10952,10667
"0400000US06","1600000US0657204",657204,"Pine Hills CDP","Humboldt County",3108,3131
"0400000US06","1600000US0657240",657240,"Pine Mountain Club C","Kern County",1600,2315
"0400000US06","1600000US0657260",657260,"Pine Valley CDP","San Diego County",1501,1510
"0400000US06","1600000US0657288",657288,"Pinole city","Contra Costa County",19039,18390
"0400000US06","1600000US0657372",657372,"Piru CDP","Ventura County",1196,2063
"0400000US06","1600000US0657414",657414,"Pismo Beach city","San Luis Obispo Count",8551,7655
"0400000US06","1600000US0657456",657456,"Pittsburg city","Contra Costa County",56769,63264
"0400000US06","1600000US0657512",657512,"Pixley CDP","Tulare County",2586,3310
"0400000US06","1600000US0657526",657526,"Placentia city","Orange County",46488,50533
"0400000US06","1600000US0657540",657540,"Placerville city","El Dorado County",9610,10389
"0400000US06","1600000US0657582",657582,"Planada CDP","Merced County",4369,4584
"0400000US06","1600000US0657764",657764,"Pleasant Hill city","Contra Costa County",32837,33152
"0400000US06","1600000US0657792",657792,"Pleasanton city","Alameda County",63654,70285
"0400000US06","1600000US0657828",657828,"Plumas Eureka CDP","Plumas County",320,339
"0400000US06","1600000US0657834",657834,"Plymouth city","Amador County",980,1005
"0400000US06","1600000US0657876",657876,"Point Arena city","Mendocino County",474,449
"0400000US06","1600000US0657960",657960,"Point Reyes Station","Marin County",818,848
"0400000US06","1600000US0658030",658030,"Pollock Pines CDP","El Dorado County",4728,6871
"0400000US06","1600000US0658072",658072,"Pomona city","Los Angeles County",149473,149058
"0400000US06","1600000US0658191",658191,"Poplar-Cotton Center","Tulare County",1496,2470
"0400000US06","1600000US0658226",658226,"Port Costa CDP","Contra Costa County",232,190
"0400000US06","1600000US0658240",658240,"Porterville city","Tulare County",39615,54165
"0400000US06","1600000US0658296",658296,"Port Hueneme city","Ventura County",21845,21723
"0400000US06","1600000US0658352",658352,"Portola city","Plumas County",2227,2104
"0400000US06","1600000US0658380",658380,"Portola Valley town","San Mateo County",4462,4353
"0400000US06","1600000US0658520",658520,"Poway city","San Diego County",48044,47811
"0400000US06","1600000US0658618",658618,"Prattville CDP","Plumas County",28,33
"0400000US06","1600000US0658870",658870,"Prunedale CDP","Monterey County",16432,17560
"0400000US06","1600000US0659052",659052,"Quartz Hill CDP","Los Angeles County",9890,10912
"0400000US06","1600000US0659080",659080,"Quincy CDP","Plumas County",1879,1728
"0400000US06","1600000US0659220",659220,"Rail Road Flat CDP","Calaveras County",549,475
"0400000US06","1600000US0659248",659248,"Rainbow CDP","San Diego County",2026,1832
"0400000US06","1600000US0659290",659290,"Raisin City CDP","Fresno County",165,380
"0400000US06","1600000US0659346",659346,"Ramona CDP","San Diego County",15691,20292
"0400000US06","1600000US0659426",659426,"Rancho Calaveras CDP","Calaveras County",4182,5325
"0400000US06","1600000US0659444",659444,"Rancho Cordova CDP","Sacramento County",55060,64776
"0400000US06","1600000US0659451",659451,"Rancho Cucamonga cit","San Bernardino County",127743,165269
"0400000US06","1600000US0659500",659500,"Rancho Mirage city","Riverside County",13249,17218
"0400000US06","1600000US0659506",659506,"Rancho Murieta CDP","Sacramento County",4193,5488
"0400000US06","1600000US0659514",659514,"Rancho Palos Verdes","Los Angeles County",41145,41643
"0400000US06","1600000US0659550",659550,"Rancho San Diego CDP","San Diego County",20155,21208
"0400000US06","1600000US0659584",659584,"Rancho Santa Fe CDP","San Diego County",3252,3117
"0400000US06","1600000US0659587",659587,"Rancho Santa Margari","Orange County",47214,47853
"0400000US06","1600000US0659604",659604,"Rancho Tehama Reserv","Tehama County",1406,1485
"0400000US06","1600000US0659668",659668,"Randsburg CDP","Kern County",77,69
"0400000US06","1600000US0659892",659892,"Red Bluff city","Tehama County",13147,14076
"0400000US06","1600000US0659920",659920,"Redding city","Shasta County",80865,89861
"0400000US06","1600000US0659962",659962,"Redlands city","San Bernardino County",63591,68747
"0400000US06","1600000US0660018",660018,"Redondo Beach city","Los Angeles County",63261,66748
"0400000US06","1600000US0660088",660088,"Redway CDP","Humboldt County",1188,1225
"0400000US06","1600000US0660102",660102,"Redwood City city","San Mateo County",75402,76815
"0400000US06","1600000US0660242",660242,"Reedley city","Fresno County",20756,24194
"0400000US06","1600000US0660466",660466,"Rialto city","San Bernardino County",91873,99171
"0400000US06","1600000US0660606",660606,"Richgrove CDP","Tulare County",2723,2882
"0400000US06","1600000US0660620",660620,"Richmond city","Contra Costa County",99216,103701
"0400000US06","1600000US0660704",660704,"Ridgecrest city","Kern County",24927,27616
"0400000US06","1600000US0660706",660706,"Ridgemark CDP","San Benito County",2741,3016
"0400000US06","1600000US0660900",660900,"Rio Dell city","Humboldt County",3174,3368
"0400000US06","1600000US0660928",660928,"Rio del Mar CDP","Santa Cruz County",9198,9216
"0400000US06","1600000US0660942",660942,"Rio Linda CDP","Sacramento County",10466,15106
"0400000US06","1600000US0660984",660984,"Rio Vista city","Solano County",4571,7360
"0400000US06","1600000US0661026",661026,"Ripon city","San Joaquin County",10146,14297
"0400000US06","1600000US0661068",661068,"Riverbank city","Stanislaus County",15826,22678
"0400000US06","1600000US0661096",661096,"Riverdale CDP","Fresno County",2416,3153
"0400000US06","1600000US0661106",661106,"Riverdale Park CDP","Stanislaus County",1094,1128
"0400000US06","1600000US0662000",662000,"Riverside city","Riverside County",255166,303871
"0400000US06","1600000US0662364",662364,"Rocklin city","Placer County",36330,56974
"0400000US06","1600000US0662490",662490,"Rodeo CDP","Contra Costa County",8717,8679
"0400000US06","1600000US0662546",662546,"Rohnert Park city","Sonoma County",42236,40971
"0400000US06","1600000US0662602",662602,"Rolling Hills city","Los Angeles County",1871,1860
"0400000US06","1600000US0662644",662644,"Rolling Hills Estate","Los Angeles County",7676,8067
"0400000US06","1600000US0662700",662700,"Rollingwood CDP","Contra Costa County",2900,2969
"0400000US06","1600000US0662756",662756,"Romoland CDP","Riverside County",2764,1684
"0400000US06","1600000US0662826",662826,"Rosamond CDP","Kern County",14349,18150
"0400000US06","1600000US0662854",662854,"Rosedale CDP","Kern County",8445,14058
"0400000US06","1600000US0662868",662868,"Roseland CDP","Sonoma County",6369,6325
"0400000US06","1600000US0662896",662896,"Rosemead city","Los Angeles County",53505,53764
"0400000US06","1600000US0662910",662910,"Rosemont CDP","Sacramento County",22904,22681
"0400000US06","1600000US0662938",662938,"Roseville city","Placer County",79921,118788
"0400000US06","1600000US0662980",662980,"Ross town","Marin County",2329,2415
"0400000US06","1600000US0663050",663050,"Rossmoor CDP","Orange County",10298,10244
"0400000US06","1600000US0663134",663134,"Round Mountain CDP","Shasta County",122,155
"0400000US06","1600000US0663148",663148,"Round Valley CDP","Inyo County",278,435
"0400000US06","1600000US0663218",663218,"Rowland Heights CDP","Los Angeles County",48553,48993
"0400000US06","1600000US0663260",663260,"Rubidoux CDP","Riverside County",29180,34280
"0400000US06","1600000US0663316",663316,"Running Springs CDP","San Bernardino County",5125,4862
"0400000US06","1600000US0664000",664000,"Sacramento city","Sacramento County",407018,466488
"0400000US06","1600000US0664140",664140,"St. Helena city","Napa County",5950,5814
"0400000US06","1600000US0664210",664210,"Salida CDP","Stanislaus County",12560,13722
"0400000US06","1600000US0664224",664224,"Salinas city","Monterey County",151060,150441
"0400000US06","1600000US0664294",664294,"Salton City CDP","Imperial County",978,3763
"0400000US06","1600000US0664308",664308,"Salton Sea Beach CDP","Imperial County",392,422
"0400000US06","1600000US0664420",664420,"San Andreas CDP","Calaveras County",2615,2783
"0400000US06","1600000US0664434",664434,"San Anselmo town","Marin County",12378,12336
"0400000US06","1600000US0664462",664462,"San Antonio Heights","San Bernardino County",3122,3371
"0400000US06","1600000US0664476",664476,"San Ardo CDP","Monterey County",501,517
"0400000US06","1600000US0665000",665000,"San Bernardino city","San Bernardino County",185401,209924
"0400000US06","1600000US0665028",665028,"San Bruno city","San Mateo County",40165,41114
"0400000US06","1600000US0665042",665042,"San Buenaventura (Ve","Ventura County",100916,106433
"0400000US06","1600000US0665070",665070,"San Carlos city","San Mateo County",27718,28406
"0400000US06","1600000US0665084",665084,"San Clemente city","Orange County",49936,63522
"0400000US06","1600000US0665112",665112,"Sand City city","Monterey County",261,334
"0400000US06","1600000US0666000",666000,"San Diego city","San Diego County",1223400,1307402
"0400000US06","1600000US0666004",666004,"San Diego Country Es","San Diego County",9262,10109
"0400000US06","1600000US0666070",666070,"San Dimas city","Los Angeles County",34980,33371
"0400000US06","1600000US0666140",666140,"San Fernando city","Los Angeles County",23564,23645
"0400000US06","1600000US0667000",667000,"San Francisco city","San Francisco County",776733,805235
"0400000US06","1600000US0667042",667042,"San Gabriel city","Los Angeles County",39804,39718
"0400000US06","1600000US0667056",667056,"Sanger city","Fresno County",18931,24270
"0400000US06","1600000US0667070",667070,"San Geronimo CDP","Marin County",436,446
"0400000US06","1600000US0667112",667112,"San Jacinto city","Riverside County",23779,44199
"0400000US06","1600000US0667126",667126,"San Joaquin city","Fresno County",3270,4001
"0400000US06","1600000US0668000",668000,"San Jose city","Santa Clara County",894943,945942
"0400000US06","1600000US0668014",668014,"San Juan Bautista ci","San Benito County",1549,1862
"0400000US06","1600000US0668028",668028,"San Juan Capistrano","Orange County",33826,34593
"0400000US06","1600000US0668084",668084,"San Leandro city","Alameda County",79452,84950
"0400000US06","1600000US0668112",668112,"San Lorenzo CDP","Alameda County",21898,23452
"0400000US06","1600000US0668140",668140,"San Lucas CDP","Monterey County",419,269
"0400000US06","1600000US0668154",668154,"San Luis Obispo city","San Luis Obispo Count",44174,45119
"0400000US06","1600000US0668196",668196,"San Marcos city","San Diego County",54977,83781
"0400000US06","1600000US0668224",668224,"San Marino city","Los Angeles County",12945,13147
"0400000US06","1600000US0668238",668238,"San Martin CDP","Santa Clara County",4230,7027
"0400000US06","1600000US0668252",668252,"San Mateo city","San Mateo County",92482,97207
"0400000US06","1600000US0668266",668266,"San Miguel CDP","San Luis Obispo Count",1427,2336
"0400000US06","1600000US0668294",668294,"San Pablo city","Contra Costa County",30215,29139
"0400000US06","1600000US0668364",668364,"San Rafael city","Marin County",56063,57713
"0400000US06","1600000US0668378",668378,"San Ramon city","Contra Costa County",44722,72148
"0400000US06","1600000US0669000",669000,"Santa Ana city","Orange County",337977,324528
"0400000US06","1600000US0669070",669070,"Santa Barbara city","Santa Barbara County",92325,88410
"0400000US06","1600000US0669084",669084,"Santa Clara city","Santa Clara County",102361,116468
"0400000US06","1600000US0669088",669088,"Santa Clarita city","Los Angeles County",151088,176320
"0400000US06","1600000US0669112",669112,"Santa Cruz city","Santa Cruz County",54593,59946
"0400000US06","1600000US0669154",669154,"Santa Fe Springs cit","Los Angeles County",17438,16223
"0400000US06","1600000US0669196",669196,"Santa Maria city","Santa Barbara County",77423,99553
"0400000US06","1600000US0670000",670000,"Santa Monica city","Los Angeles County",84084,89736
"0400000US06","1600000US0670042",670042,"Santa Paula city","Ventura County",28598,29321
"0400000US06","1600000US0670098",670098,"Santa Rosa city","Sonoma County",147595,167815
"0400000US06","1600000US0670154",670154,"Santa Venetia CDP","Marin County",4298,4292
"0400000US06","1600000US0670182",670182,"Santa Ynez CDP","Santa Barbara County",4584,4418
"0400000US06","1600000US0670224",670224,"Santee city","San Diego County",52975,53413
"0400000US06","1600000US0670280",670280,"Saratoga city","Santa Clara County",29843,29926
"0400000US06","1600000US0670364",670364,"Sausalito city","Marin County",7330,7061
"0400000US06","1600000US0670588",670588,"Scotts Valley city","Santa Cruz County",11385,11580
"0400000US06","1600000US0670686",670686,"Seal Beach city","Orange County",24157,24168
"0400000US06","1600000US0670728",670728,"Searles Valley CDP","San Bernardino County",1885,1739
"0400000US06","1600000US0670742",670742,"Seaside city","Monterey County",31696,33025
"0400000US06","1600000US0670770",670770,"Sebastopol city","Sonoma County",7774,7379
"0400000US06","1600000US0670798",670798,"Seeley CDP","Imperial County",1624,1739
"0400000US06","1600000US0670882",670882,"Selma city","Fresno County",19444,23219
"0400000US06","1600000US0671084",671084,"Shackelford CDP","Stanislaus County",5170,3371
"0400000US06","1600000US0671106",671106,"Shafter city","Kern County",12736,16988
"0400000US06","1600000US0671134",671134,"Shandon CDP","San Luis Obispo Count",986,1295
"0400000US06","1600000US0671225",671225,"Shasta Lake city","Shasta County",9008,10164
"0400000US06","1600000US0671246",671246,"Shaver Lake CDP","Fresno County",705,634
"0400000US06","1600000US0671554",671554,"Shingle Springs CDP","El Dorado County",2643,4432
"0400000US06","1600000US0671568",671568,"Shingletown CDP","Shasta County",2222,2283
"0400000US06","1600000US0671680",671680,"Shoshone CDP","Inyo County",52,31
"0400000US06","1600000US0671806",671806,"Sierra Madre city","Los Angeles County",10578,10917
"0400000US06","1600000US0671876",671876,"Signal Hill city","Los Angeles County",9333,11016
"0400000US06","1600000US0672016",672016,"Simi Valley city","Ventura County",111351,124237
"0400000US06","1600000US0672506",672506,"Solana Beach city","San Diego County",12979,12867
"0400000US06","1600000US0672520",672520,"Soledad city","Monterey County",11263,25738
"0400000US06","1600000US0672576",672576,"Solvang city","Santa Barbara County",5332,5245
"0400000US06","1600000US0672646",672646,"Sonoma city","Sonoma County",9128,10648
"0400000US06","1600000US0672674",672674,"Sonora city","Tuolumne County",4423,4903
"0400000US06","1600000US0672688",672688,"Soquel CDP","Santa Cruz County",5081,9644
"0400000US06","1600000US0672772",672772,"Soulsbyville CDP","Tuolumne County",1729,2215
"0400000US06","1600000US0672954",672954,"South Dos Palos CDP","Merced County",1385,1620
"0400000US06","1600000US0672996",672996,"South El Monte city","Los Angeles County",21144,20116
"0400000US06","1600000US0673080",673080,"South Gate city","Los Angeles County",96375,94396
"0400000US06","1600000US0673108",673108,"South Lake Tahoe cit","El Dorado County",23609,21403
"0400000US06","1600000US0673178",673178,"South Oroville CDP","Butte County",7695,5742
"0400000US06","1600000US0673220",673220,"South Pasadena city","Los Angeles County",24292,25619
"0400000US06","1600000US0673262",673262,"South San Francisco","San Mateo County",60552,63632
"0400000US06","1600000US0673276",673276,"South San Gabriel CD","Los Angeles County",7595,8070
"0400000US06","1600000US0673290",673290,"South San Jose Hills","Los Angeles County",20218,20551
"0400000US06","1600000US0673388",673388,"South Taft CDP","Kern County",1898,2169
"0400000US06","1600000US0673430",673430,"South Whittier CDP","Los Angeles County",55193,57156
"0400000US06","1600000US0673612",673612,"Spreckels CDP","Monterey County",485,673
"0400000US06","1600000US0673654",673654,"Spring Garden CDP","Plumas County",55,16
"0400000US06","1600000US0673696",673696,"Spring Valley CDP","San Diego County",26663,28205
"0400000US06","1600000US0673710",673710,"Springville CDP","Tulare County",1109,934
"0400000US06","1600000US0673794",673794,"Squaw Valley CDP","Fresno County",2691,3162
"0400000US06","1600000US0673815",673815,"Squirrel Mountain Va","Kern County",498,547
"0400000US06","1600000US0673868",673868,"Stallion Springs CDP","Kern County",1522,2488
"0400000US06","1600000US0673906",673906,"Stanford CDP","Santa Clara County",13315,13809
"0400000US06","1600000US0673962",673962,"Stanton city","Orange County",37403,38186
"0400000US06","1600000US0674172",674172,"Stinson Beach CDP","Marin County",751,632
"0400000US06","1600000US0675000",675000,"Stockton city","San Joaquin County",243771,291707
"0400000US06","1600000US0675168",675168,"Storrie CDP","Plumas County",5,4
"0400000US06","1600000US0675252",675252,"Stratford CDP","Kings County",1264,1277
"0400000US06","1600000US0675280",675280,"Strathmore CDP","Tulare County",2584,2819
"0400000US06","1600000US0675315",675315,"Strawberry CDP","Marin County",5302,5393
"0400000US06","1600000US0675630",675630,"Suisun City city","Solano County",26118,28111
"0400000US06","1600000US0675714",675714,"Summerland CDP","Santa Barbara County",1545,1448
"0400000US06","1600000US0676015",676015,"Sunnyside-Tahoe City","Placer County",1761,1557
"0400000US06","1600000US0676022",676022,"Sunnyslope CDP","Riverside County",4437,5153
"0400000US06","1600000US0677000",677000,"Sunnyvale city","Santa Clara County",131760,140081
"0400000US06","1600000US0677042",677042,"Sunol CDP","Alameda County",1332,913
"0400000US06","1600000US0677364",677364,"Susanville city","Lassen County",13541,17947
"0400000US06","1600000US0677378",677378,"Sutter CDP","Sutter County",2885,2904
"0400000US06","1600000US0677392",677392,"Sutter Creek city","Amador County",2303,2501
"0400000US06","1600000US0677574",677574,"Taft city","Kern County",6400,9327
"0400000US06","1600000US0677588",677588,"Taft Heights CDP","Kern County",1865,1949
"0400000US06","1600000US0677595",677595,"Taft Mosswood CDP","San Joaquin County",1388,1530
"0400000US06","1600000US0677700",677700,"Tahoe Vista CDP","Placer County",1668,1433
"0400000US06","1600000US0677784",677784,"Talmage CDP","Mendocino County",1141,1130
"0400000US06","1600000US0677805",677805,"Tamalpais-Homestead","Marin County",10691,10735
"0400000US06","1600000US0677924",677924,"Tara Hills CDP","Contra Costa County",5332,5126
"0400000US06","1600000US0678008",678008,"Taylorsville CDP","Plumas County",154,140
"0400000US06","1600000US0678050",678050,"Tecopa CDP","Inyo County",99,150
"0400000US06","1600000US0678092",678092,"Tehachapi city","Kern County",10957,14414
"0400000US06","1600000US0678106",678106,"Tehama city","Tehama County",432,418
"0400000US06","1600000US0678120",678120,"Temecula city","Riverside County",57716,100097
"0400000US06","1600000US0678126",678126,"Temelec CDP","Sonoma County",1556,1441
"0400000US06","1600000US0678148",678148,"Temple City city","Los Angeles County",33377,35558
"0400000US06","1600000US0678162",678162,"Templeton CDP","San Luis Obispo Count",4687,7674
"0400000US06","1600000US0678176",678176,"Tennant CDP","Siskiyou County",63,41
"0400000US06","1600000US0678288",678288,"Terra Bella CDP","Tulare County",3466,3310
"0400000US06","1600000US0678470",678470,"Thermalito CDP","Butte County",6045,6646
"0400000US06","1600000US0678582",678582,"Thousand Oaks city","Ventura County",117005,126683
"0400000US06","1600000US0678596",678596,"Thousand Palms CDP","Riverside County",5120,7715
"0400000US06","1600000US0678638",678638,"Three Rivers CDP","Tulare County",2248,2182
"0400000US06","1600000US0678666",678666,"Tiburon town","Marin County",8666,8962
"0400000US06","1600000US0678750",678750,"Tipton CDP","Tulare County",1790,2543
"0400000US06","1600000US0678792",678792,"Tobin CDP","Plumas County",11,12
"0400000US06","1600000US0678890",678890,"Tomales CDP","Marin County",210,204
"0400000US06","1600000US0679529",679529,"Toro Canyon CDP","Santa Barbara County",1697,1508
"0400000US06","1600000US0680000",680000,"Torrance city","Los Angeles County",137946,145438
"0400000US06","1600000US0680238",680238,"Tracy city","San Joaquin County",56929,82922
"0400000US06","1600000US0680266",680266,"Tranquillity CDP","Fresno County",813,799
"0400000US06","1600000US0680280",680280,"Traver CDP","Tulare County",732,713
"0400000US06","1600000US0680448",680448,"Trinidad city","Humboldt County",311,367
"0400000US06","1600000US0680588",680588,"Truckee town","Nevada County",13864,16180
"0400000US06","1600000US0680644",680644,"Tulare city","Tulare County",43994,59278
"0400000US06","1600000US0680686",680686,"Tulelake city","Siskiyou County",1020,1010
"0400000US06","1600000US0680763",680763,"Tuolumne City CDP","Tuolumne County",1865,1779
"0400000US06","1600000US0680784",680784,"Tupman CDP","Kern County",227,161
"0400000US06","1600000US0680812",680812,"Turlock city","Stanislaus County",55810,68549
"0400000US06","1600000US0680854",680854,"Tustin city","Orange County",67504,75540
"0400000US06","1600000US0680952",680952,"Twain CDP","Plumas County",87,82
"0400000US06","1600000US0680966",680966,"Twain Harte CDP","Tuolumne County",2586,2226
"0400000US06","1600000US0680994",680994,"Twentynine Palms cit","San Bernardino County",14764,25048
"0400000US06","1600000US0681050",681050,"Twin Lakes CDP","Santa Cruz County",5533,4917
"0400000US06","1600000US0681134",681134,"Ukiah city","Mendocino County",15497,16075
"0400000US06","1600000US0681204",681204,"Union City city","Alameda County",66869,69516
"0400000US06","1600000US0681344",681344,"Upland city","San Bernardino County",68393,73732
"0400000US06","1600000US0681358",681358,"Upper Lake CDP","Lake County",989,1052
"0400000US06","1600000US0681554",681554,"Vacaville city","Solano County",88625,92428
"0400000US06","1600000US0681638",681638,"Valinda CDP","Los Angeles County",21776,22822
"0400000US06","1600000US0681652",681652,"Vallecito CDP","Calaveras County",427,442
"0400000US06","1600000US0681666",681666,"Vallejo city","Solano County",116760,115942
"0400000US06","1600000US0681708",681708,"Valle Vista CDP","Riverside County",10488,14578
"0400000US06","1600000US0681722",681722,"Valley Acres CDP","Kern County",512,527
"0400000US06","1600000US0681736",681736,"Valley Center CDP","San Diego County",7323,9277
"0400000US06","1600000US0681869",681869,"Valley Ranch CDP","Plumas County",92,109
"0400000US06","1600000US0681890",681890,"Valley Springs CDP","Calaveras County",2560,3553
"0400000US06","1600000US0681967",681967,"Val Verde CDP","Los Angeles County",1472,2468
"0400000US06","1600000US0682072",682072,"Vandenberg AFB CDP","Santa Barbara County",6151,3338
"0400000US06","1600000US0682086",682086,"Vandenberg Village C","Santa Barbara County",5802,6497
"0400000US06","1600000US0682422",682422,"Vernon city","Los Angeles County",91,112
"0400000US06","1600000US0682590",682590,"Victorville city","San Bernardino County",64029,115903
"0400000US06","1600000US0682667",682667,"View Park-Windsor Hi","Los Angeles County",10958,11075
"0400000US06","1600000US0682744",682744,"Villa Park city","Orange County",5999,5812
"0400000US06","1600000US0682814",682814,"Vincent CDP","Los Angeles County",15097,15922
"0400000US06","1600000US0682842",682842,"Vine Hill CDP","Contra Costa County",3260,3761
"0400000US06","1600000US0682852",682852,"Vineyard CDP","Sacramento County",10109,24836
"0400000US06","1600000US0682954",682954,"Visalia city","Tulare County",91565,124442
"0400000US06","1600000US0682996",682996,"Vista city","San Diego County",89857,93834
"0400000US06","1600000US0683215",683215,"Waldon CDP","Contra Costa County",5133,5364
"0400000US06","1600000US0683304",683304,"Wallace CDP","Calaveras County",220,403
"0400000US06","1600000US0683332",683332,"Walnut city","Los Angeles County",30004,29172
"0400000US06","1600000US0683346",683346,"Walnut Creek city","Contra Costa County",64296,64173
"0400000US06","1600000US0683374",683374,"Walnut Grove CDP","Sacramento County",669,1542
"0400000US06","1600000US0683402",683402,"Walnut Park CDP","Los Angeles County",16180,15966
"0400000US06","1600000US0683542",683542,"Wasco city","Kern County",21263,25545
"0400000US06","1600000US0683612",683612,"Waterford city","Stanislaus County",6924,8456
"0400000US06","1600000US0683668",683668,"Watsonville city","Santa Cruz County",44265,51199
"0400000US06","1600000US0683794",683794,"Weaverville CDP","Trinity County",3554,3600
"0400000US06","1600000US0683850",683850,"Weed city","Siskiyou County",2978,2967
"0400000US06","1600000US0683863",683863,"Weedpatch CDP","Kern County",2726,2658
"0400000US06","1600000US0683948",683948,"Weldon CDP","Kern County",2387,2642
"0400000US06","1600000US0684116",684116,"West Athens CDP","Los Angeles County",9101,8729
"0400000US06","1600000US0684120",684120,"West Bishop CDP","Inyo County",2807,2607
"0400000US06","1600000US0684144",684144,"West Carson CDP","Los Angeles County",21138,21699
"0400000US06","1600000US0684200",684200,"West Covina city","Los Angeles County",105080,106098
"0400000US06","1600000US0684385",684385,"Westhaven-Moonstone","Humboldt County",1044,1205
"0400000US06","1600000US0684410",684410,"West Hollywood city","Los Angeles County",35716,34399
"0400000US06","1600000US0684438",684438,"Westlake Village cit","Los Angeles County",8368,8270
"0400000US06","1600000US0684480",684480,"Westley CDP","Stanislaus County",747,603
"0400000US06","1600000US0684536",684536,"West Menlo Park CDP","San Mateo County",3629,3659
"0400000US06","1600000US0684550",684550,"Westminster city","Orange County",88207,89701
"0400000US06","1600000US0684578",684578,"West Modesto CDP","Stanislaus County",6096,5682
"0400000US06","1600000US0684592",684592,"Westmont CDP","Los Angeles County",31623,31853
"0400000US06","1600000US0684606",684606,"Westmorland city","Imperial County",2131,2225
"0400000US06","1600000US0684732",684732,"West Point CDP","Calaveras County",746,674
"0400000US06","1600000US0684774",684774,"West Puente Valley C","Los Angeles County",22589,22636
"0400000US06","1600000US0684816",684816,"West Sacramento city","Yolo County",31615,48744
"0400000US06","1600000US0684921",684921,"West Whittier-Los Ni","Los Angeles County",25129,25540
"0400000US06","1600000US0684928",684928,"Westwood CDP","Lassen County",1998,1647
"0400000US06","1600000US0685012",685012,"Wheatland city","Yuba County",2275,3456
"0400000US06","1600000US0685086",685086,"Whitehawk CDP","Plumas County",96,113
"0400000US06","1600000US0685292",685292,"Whittier city","Los Angeles County",83680,85331
"0400000US06","1600000US0685446",685446,"Wildomar CDP","Riverside County",14064,32176
"0400000US06","1600000US0685551",685551,"Wilkerson CDP","Inyo County",562,563
"0400000US06","1600000US0685586",685586,"Williams city","Colusa County",3670,5123
"0400000US06","1600000US0685600",685600,"Willits city","Mendocino County",5073,4888
"0400000US06","1600000US0685614",685614,"Willowbrook CDP","Los Angeles County",34138,35983
"0400000US06","1600000US0685642",685642,"Willow Creek CDP","Humboldt County",1743,1710
"0400000US06","1600000US0685684",685684,"Willows city","Glenn County",6220,6166
"0400000US06","1600000US0685880",685880,"Wilton CDP","Sacramento County",4551,5363
"0400000US06","1600000US0685894",685894,"Winchester CDP","Riverside County",2155,2534
"0400000US06","1600000US0685922",685922,"Windsor town","Sonoma County",22744,26801
"0400000US06","1600000US0685992",685992,"Winter Gardens CDP","San Diego County",19771,20631
"0400000US06","1600000US0686020",686020,"Winterhaven CDP","Imperial County",529,394
"0400000US06","1600000US0686034",686034,"Winters city","Yolo County",6125,6624
"0400000US06","1600000US0686076",686076,"Winton CDP","Merced County",8832,10613
"0400000US06","1600000US0686174",686174,"Wofford Heights CDP","Kern County",2276,2200
"0400000US06","1600000US0686216",686216,"Woodacre CDP","Marin County",1393,1348
"0400000US06","1600000US0686244",686244,"Woodcrest CDP","Riverside County",8342,14347
"0400000US06","1600000US0686300",686300,"Woodlake city","Tulare County",6651,7279
"0400000US06","1600000US0686328",686328,"Woodland city","Yolo County",49151,55468
"0400000US06","1600000US0686440",686440,"Woodside town","San Mateo County",5352,5287
"0400000US06","1600000US0686482",686482,"Woodville CDP","Tulare County",1678,1740
"0400000US06","1600000US0686594",686594,"Wrightwood CDP","San Bernardino County",3837,4525
"0400000US06","1600000US0686832",686832,"Yorba Linda city","Orange County",58918,64234
"0400000US06","1600000US0686878",686878,"Yosemite Lakes CDP","Madera County",4160,4952
"0400000US06","1600000US0686912",686912,"Yosemite Valley CDP","Mariposa County",265,1035
"0400000US06","1600000US0686930",686930,"Yountville town","Napa County",2916,2933
"0400000US06","1600000US0686944",686944,"Yreka city","Siskiyou County",7290,7765
"0400000US06","1600000US0686972",686972,"Yuba City city","Sutter County",36758,64925
"0400000US06","1600000US0687042",687042,"Yucaipa city","San Bernardino County",41207,51367
"0400000US06","1600000US0687056",687056,"Yucca Valley town","San Bernardino County",16865,20700

